문제집,문제번호,문제타입,과목,대단원,중단원
25008,1,ex,수학1,,
25008,2,ex,수학1,,
25008,3,ex,수학1,,
25008,4,ex,수학1,,
25008,5,ex,수학1,,
25008,6,ex,수학1,,
25008,7,ex,수학1,,
25008,8,ex,수학1,,
25008,9,ex,수학1,,
25008,10,ex,수학1,,
25008,11,lv1,수학1,,
25008,12,lv1,수학1,,
25008,13,lv1,수학1,,
25008,14,lv1,수학1,,
25008,15,lv1,수학1,,
25008,16,lv1,수학1,,
25008,17,lv1,수학1,,
25008,18,lv1,수학1,,
25008,19,lv2,수학1,,
25008,20,lv2,수학1,,
25008,21,lv2,수학1,,
25008,22,lv2,수학1,,
25008,23,lv2,수학1,,
25008,24,lv2,수학1,,
25008,25,lv2,수학1,,
25008,26,lv2,수학1,,
25008,27,lv3,수학1,,
25008,28,lv3,수학1,,
25008,29,lv3,수학1,,
25008,30,ex,수학1,,
25008,31,ex,수학1,,
25008,32,ex,수학1,,
25008,33,ex,수학1,,
25008,34,ex,수학1,,
25008,35,ex,수학1,,
25008,36,ex,수학1,,
25008,37,ex,수학1,,
25008,38,ex,수학1,,
25008,39,ex,수학1,,
25008,40,lv1,수학1,,
25008,41,lv1,수학1,,
25008,42,lv1,수학1,,
25008,43,lv1,수학1,,
25008,44,lv1,수학1,,
25008,45,lv1,수학1,,
25008,46,lv1,수학1,,
25008,47,lv1,수학1,,
25008,48,lv2,수학1,,
25008,49,lv2,수학1,,
25008,50,lv2,수학1,,
25008,51,lv2,수학1,,
25008,52,lv2,수학1,,
25008,53,lv2,수학1,,
25008,54,lv2,수학1,,
25008,55,lv2,수학1,,
25008,56,lv3,수학1,,
25008,57,lv3,수학1,,
25008,58,lv3,수학1,,
25008,59,ex,수학1,,
25008,60,ex,수학1,,
25008,61,ex,수학1,,
25008,62,ex,수학1,,
25008,63,ex,수학1,,
25008,64,ex,수학1,,
25008,65,ex,수학1,,
25008,66,ex,수학1,,
25008,67,ex,수학1,,
25008,68,ex,수학1,,
25008,69,lv1,수학1,,
25008,70,lv1,수학1,,
25008,71,lv1,수학1,,
25008,72,lv1,수학1,,
25008,73,lv1,수학1,,
25008,74,lv1,수학1,,
25008,75,lv1,수학1,,
25008,76,lv1,수학1,,
25008,77,lv1,수학1,,
25008,78,lv1,수학1,,
25008,79,lv2,수학1,,
25008,80,lv2,수학1,,
25008,81,lv2,수학1,,
25008,82,lv2,수학1,,
25008,83,lv2,수학1,,
25008,84,lv2,수학1,,
25008,85,lv2,수학1,,
25008,86,lv2,수학1,,
25008,87,lv2,수학1,,
25008,88,lv2,수학1,,
25008,89,lv2,수학1,,
25008,90,lv2,수학1,,
25008,91,lv3,수학1,,
25008,92,lv3,수학1,,
25008,93,lv3,수학1,,
25008,94,ex,수학1,,
25008,95,ex,수학1,,
25008,96,ex,수학1,,
25008,97,ex,수학1,,
25008,98,ex,수학1,,
25008,99,ex,수학1,,
25008,100,ex,수학1,,
25008,101,ex,수학1,,
25008,102,lv1,수학1,,
25008,103,lv1,수학1,,
25008,104,lv1,수학1,,
25008,105,lv1,수학1,,
25008,106,lv1,수학1,,
25008,107,lv1,수학1,,
25008,108,lv1,수학1,,
25008,109,lv1,수학1,,
25008,110,lv2,수학1,,
25008,111,lv2,수학1,,
25008,112,lv2,수학1,,
25008,113,lv2,수학1,,
25008,114,lv2,수학1,,
25008,115,lv2,수학1,,
25008,116,lv2,수학1,,
25008,117,lv2,수학1,,
25008,118,lv2,수학1,,
25008,119,lv3,수학1,,
25008,120,lv3,수학1,,
25008,121,lv3,수학1,,
25008,122,ex,수학1,,
25008,123,ex,수학1,,
25008,124,ex,수학1,,
25008,125,ex,수학1,,
25008,126,ex,수학1,,
25008,127,ex,수학1,,
25008,128,ex,수학1,,
25008,129,ex,수학1,,
25008,130,lv1,수학1,,
25008,131,lv1,수학1,,
25008,132,lv1,수학1,,
25008,133,lv1,수학1,,
25008,134,lv1,수학1,,
25008,135,lv1,수학1,,
25008,136,lv1,수학1,,
25008,137,lv1,수학1,,
25008,138,lv2,수학1,,
25008,139,lv2,수학1,,
25008,140,lv2,수학1,,
25008,141,lv2,수학1,,
25008,142,lv2,수학1,,
25008,143,lv2,수학1,,
25008,144,lv2,수학1,,
25008,145,lv2,수학1,,
25008,146,lv2,수학1,,
25008,147,lv2,수학1,,
25008,148,lv2,수학1,,
25008,149,lv3,수학1,,
25008,150,lv3,수학1,,
25008,151,lv3,수학1,,
25008,152,ex,수학1,,
25008,153,ex,수학1,,
25008,154,ex,수학1,,
25008,155,ex,수학1,,
25008,156,ex,수학1,,
25008,157,ex,수학1,,
25008,158,ex,수학1,,
25008,159,ex,수학1,,
25008,160,ex,수학1,,
25008,161,lv1,수학1,,
25008,162,lv1,수학1,,
25008,163,lv1,수학1,,
25008,164,lv1,수학1,,
25008,165,lv1,수학1,,
25008,166,lv1,수학1,,
25008,167,lv1,수학1,,
25008,168,lv1,수학1,,
25008,169,lv1,수학1,,
25008,170,lv2,수학1,,
25008,171,lv2,수학1,,
25008,172,lv2,수학1,,
25008,173,lv2,수학1,,
25008,174,lv2,수학1,,
25008,175,lv2,수학1,,
25008,176,lv2,수학1,,
25008,177,lv2,수학1,,
25008,178,lv2,수학1,,
25008,179,lv2,수학1,,
25008,180,lv3,수학1,,
25008,181,lv3,수학1,,
25008,182,lv3,수학1,,
24008,1,ex,수학1,,
24008,2,ex,수학1,,
24008,3,ex,수학1,,
24008,4,ex,수학1,,
24008,5,ex,수학1,,
24008,6,ex,수학1,,
24008,7,ex,수학1,,
24008,8,ex,수학1,,
24008,9,ex,수학1,,
24008,10,ex,수학1,,
24008,11,lv1,수학1,,
24008,12,lv1,수학1,,
24008,13,lv1,수학1,,
24008,14,lv1,수학1,,
24008,15,lv1,수학1,,
24008,16,lv1,수학1,,
24008,17,lv1,수학1,,
24008,18,lv1,수학1,,
24008,19,lv1,수학1,,
24008,20,lv1,수학1,,
24008,21,lv2,수학1,,
24008,22,lv2,수학1,,
24008,23,lv2,수학1,,
24008,24,lv2,수학1,,
24008,25,lv2,수학1,,
24008,26,lv2,수학1,,
24008,27,lv2,수학1,,
24008,28,lv2,수학1,,
24008,29,lv3,수학1,,
24008,30,lv3,수학1,,
24008,31,lv3,수학1,,
24008,32,ex,수학1,,
24008,33,ex,수학1,,
24008,34,ex,수학1,,
24008,35,ex,수학1,,
24008,36,ex,수학1,,
24008,37,ex,수학1,,
24008,38,ex,수학1,,
24008,39,ex,수학1,,
24008,40,ex,수학1,,
24008,41,ex,수학1,,
24008,42,lv1,수학1,,
24008,43,lv1,수학1,,
24008,44,lv1,수학1,,
24008,45,lv1,수학1,,
24008,46,lv1,수학1,,
24008,47,lv1,수학1,,
24008,48,lv1,수학1,,
24008,49,lv1,수학1,,
24008,50,lv1,수학1,,
24008,51,lv1,수학1,,
24008,52,lv2,수학1,,
24008,53,lv2,수학1,,
24008,54,lv2,수학1,,
24008,55,lv2,수학1,,
24008,56,lv2,수학1,,
24008,57,lv2,수학1,,
24008,58,lv2,수학1,,
24008,59,lv2,수학1,,
24008,60,lv3,수학1,,
24008,61,lv3,수학1,,
24008,62,lv3,수학1,,
24008,63,ex,수학1,,
24008,64,ex,수학1,,
24008,65,ex,수학1,,
24008,66,ex,수학1,,
24008,67,ex,수학1,,
24008,68,ex,수학1,,
24008,69,ex,수학1,,
24008,70,ex,수학1,,
24008,71,ex,수학1,,
24008,72,ex,수학1,,
24008,73,lv1,수학1,,
24008,74,lv1,수학1,,
24008,75,lv1,수학1,,
24008,76,lv1,수학1,,
24008,77,lv1,수학1,,
24008,78,lv1,수학1,,
24008,79,lv1,수학1,,
24008,80,lv1,수학1,,
24008,81,lv1,수학1,,
24008,82,lv2,수학1,,
24008,83,lv2,수학1,,
24008,84,lv2,수학1,,
24008,85,lv2,수학1,,
24008,86,lv2,수학1,,
24008,87,lv2,수학1,,
24008,88,lv2,수학1,,
24008,89,lv2,수학1,,
24008,90,lv2,수학1,,
24008,91,lv2,수학1,,
24008,92,lv2,수학1,,
24008,93,lv2,수학1,,
24008,94,lv3,수학1,,
24008,95,lv3,수학1,,
24008,96,lv3,수학1,,
24008,97,lv3,수학1,,
24008,98,ex,수학1,,
24008,99,ex,수학1,,
24008,100,ex,수학1,,
24008,101,ex,수학1,,
24008,102,ex,수학1,,
24008,103,ex,수학1,,
24008,104,ex,수학1,,
24008,105,lv1,수학1,,
24008,106,lv1,수학1,,
24008,107,lv1,수학1,,
24008,108,lv1,수학1,,
24008,109,lv1,수학1,,
24008,110,lv1,수학1,,
24008,111,lv1,수학1,,
24008,112,lv1,수학1,,
24008,113,lv2,수학1,,
24008,114,lv2,수학1,,
24008,115,lv2,수학1,,
24008,116,lv2,수학1,,
24008,117,lv2,수학1,,
24008,118,lv2,수학1,,
24008,119,lv2,수학1,,
24008,120,lv2,수학1,,
24008,121,lv2,수학1,,
24008,122,lv3,수학1,,
24008,123,lv3,수학1,,
24008,124,lv3,수학1,,
24008,125,ex,수학1,,
24008,126,ex,수학1,,
24008,127,ex,수학1,,
24008,128,ex,수학1,,
24008,129,ex,수학1,,
24008,130,ex,수학1,,
24008,131,ex,수학1,,
24008,132,ex,수학1,,
24008,133,lv1,수학1,,
24008,134,lv1,수학1,,
24008,135,lv1,수학1,,
24008,136,lv1,수학1,,
24008,137,lv1,수학1,,
24008,138,lv1,수학1,,
24008,139,lv1,수학1,,
24008,140,lv1,수학1,,
24008,141,lv1,수학1,,
24008,142,lv1,수학1,,
24008,143,lv1,수학1,,
24008,144,lv1,수학1,,
24008,145,lv2,수학1,,
24008,146,lv2,수학1,,
24008,147,lv2,수학1,,
24008,148,lv2,수학1,,
24008,149,lv2,수학1,,
24008,150,lv2,수학1,,
24008,151,lv2,수학1,,
24008,152,lv2,수학1,,
24008,153,lv2,수학1,,
24008,154,lv2,수학1,,
24008,155,lv2,수학1,,
24008,156,lv2,수학1,,
24008,157,lv3,수학1,,
24008,158,lv3,수학1,,
24008,159,lv3,수학1,,
24008,160,ex,수학1,,
24008,161,ex,수학1,,
24008,162,ex,수학1,,
24008,163,ex,수학1,,
24008,164,ex,수학1,,
24008,165,ex,수학1,,
24008,166,ex,수학1,,
24008,167,ex,수학1,,
24008,168,ex,수학1,,
24008,169,ex,수학1,,
24008,170,lv1,수학1,,
24008,171,lv1,수학1,,
24008,172,lv1,수학1,,
24008,173,lv1,수학1,,
24008,174,lv1,수학1,,
24008,175,lv1,수학1,,
24008,176,lv1,수학1,,
24008,177,lv1,수학1,,
24008,178,lv2,수학1,,
24008,179,lv2,수학1,,
24008,180,lv2,수학1,,
24008,181,lv2,수학1,,
24008,182,lv2,수학1,,
24008,183,lv2,수학1,,
24008,184,lv2,수학1,,
24008,185,lv2,수학1,,
24008,186,lv3,수학1,,
24008,187,lv3,수학1,,
24008,188,lv3,수학1,,
23008,1,ex,수학1,,
23008,2,ex,수학1,,
23008,3,ex,수학1,,
23008,4,ex,수학1,,
23008,5,ex,수학1,,
23008,6,ex,수학1,,
23008,7,ex,수학1,,
23008,8,ex,수학1,,
23008,9,ex,수학1,,
23008,10,ex,수학1,,
23008,11,lv1,수학1,,
23008,12,lv1,수학1,,
23008,13,lv1,수학1,,
23008,14,lv1,수학1,,
23008,15,lv1,수학1,,
23008,16,lv1,수학1,,
23008,17,lv1,수학1,,
23008,18,lv1,수학1,,
23008,19,lv1,수학1,,
23008,20,lv2,수학1,,
23008,21,lv2,수학1,,
23008,22,lv2,수학1,,
23008,23,lv2,수학1,,
23008,24,lv2,수학1,,
23008,25,lv2,수학1,,
23008,26,lv2,수학1,,
23008,27,lv2,수학1,,
23008,28,lv3,수학1,,
23008,29,lv3,수학1,,
23008,30,lv3,수학1,,
23008,31,ex,수학1,,
23008,32,ex,수학1,,
23008,33,ex,수학1,,
23008,34,ex,수학1,,
23008,35,ex,수학1,,
23008,36,ex,수학1,,
23008,37,ex,수학1,,
23008,38,ex,수학1,,
23008,39,ex,수학1,,
23008,40,ex,수학1,,
23008,41,lv1,수학1,,
23008,42,lv1,수학1,,
23008,43,lv1,수학1,,
23008,44,lv1,수학1,,
23008,45,lv1,수학1,,
23008,46,lv1,수학1,,
23008,47,lv1,수학1,,
23008,48,lv1,수학1,,
23008,49,lv1,수학1,,
23008,50,lv2,수학1,,
23008,51,lv2,수학1,,
23008,52,lv2,수학1,,
23008,53,lv2,수학1,,
23008,54,lv2,수학1,,
23008,55,lv2,수학1,,
23008,56,lv2,수학1,,
23008,57,lv3,수학1,,
23008,58,lv3,수학1,,
23008,59,lv3,수학1,,
23008,60,ex,수학1,,
23008,61,ex,수학1,,
23008,62,ex,수학1,,
23008,63,ex,수학1,,
23008,64,ex,수학1,,
23008,65,ex,수학1,,
23008,66,ex,수학1,,
23008,67,ex,수학1,,
23008,68,ex,수학1,,
23008,69,ex,수학1,,
23008,70,lv1,수학1,,
23008,71,lv1,수학1,,
23008,72,lv1,수학1,,
23008,73,lv1,수학1,,
23008,74,lv1,수학1,,
23008,75,lv1,수학1,,
23008,76,lv1,수학1,,
23008,77,lv1,수학1,,
23008,78,lv2,수학1,,
23008,79,lv2,수학1,,
23008,80,lv2,수학1,,
23008,81,lv2,수학1,,
23008,82,lv2,수학1,,
23008,83,lv2,수학1,,
23008,84,lv2,수학1,,
23008,85,lv2,수학1,,
23008,86,lv2,수학1,,
23008,87,lv2,수학1,,
23008,88,lv2,수학1,,
23008,89,lv2,수학1,,
23008,90,lv3,수학1,,
23008,91,lv3,수학1,,
23008,92,lv3,수학1,,
23008,93,ex,수학1,,
23008,94,ex,수학1,,
23008,95,ex,수학1,,
23008,96,ex,수학1,,
23008,97,ex,수학1,,
23008,98,ex,수학1,,
23008,99,ex,수학1,,
23008,100,ex,수학1,,
23008,101,lv1,수학1,,
23008,102,lv1,수학1,,
23008,103,lv1,수학1,,
23008,104,lv1,수학1,,
23008,105,lv1,수학1,,
23008,106,lv1,수학1,,
23008,107,lv1,수학1,,
23008,108,lv1,수학1,,
23008,109,lv2,수학1,,
23008,110,lv2,수학1,,
23008,111,lv2,수학1,,
23008,112,lv2,수학1,,
23008,113,lv2,수학1,,
23008,114,lv2,수학1,,
23008,115,lv2,수학1,,
23008,116,lv2,수학1,,
23008,117,lv2,수학1,,
23008,118,lv3,수학1,,
23008,119,lv3,수학1,,
23008,120,lv3,수학1,,
23008,121,ex,수학1,,
23008,122,ex,수학1,,
23008,123,ex,수학1,,
23008,124,ex,수학1,,
23008,125,ex,수학1,,
23008,126,ex,수학1,,
23008,127,ex,수학1,,
23008,128,ex,수학1,,
23008,129,lv1,수학1,,
23008,130,lv1,수학1,,
23008,131,lv1,수학1,,
23008,132,lv1,수학1,,
23008,133,lv1,수학1,,
23008,134,lv1,수학1,,
23008,135,lv1,수학1,,
23008,136,lv1,수학1,,
23008,137,lv1,수학1,,
23008,138,lv1,수학1,,
23008,139,lv1,수학1,,
23008,140,lv1,수학1,,
23008,141,lv2,수학1,,
23008,142,lv2,수학1,,
23008,143,lv2,수학1,,
23008,144,lv2,수학1,,
23008,145,lv2,수학1,,
23008,146,lv2,수학1,,
23008,147,lv2,수학1,,
23008,148,lv2,수학1,,
23008,149,lv2,수학1,,
23008,150,lv2,수학1,,
23008,151,lv2,수학1,,
23008,152,lv2,수학1,,
23008,153,lv3,수학1,,
23008,154,lv3,수학1,,
23008,155,lv3,수학1,,
23008,156,ex,수학1,,
23008,157,ex,수학1,,
23008,158,ex,수학1,,
23008,159,ex,수학1,,
23008,160,ex,수학1,,
23008,161,ex,수학1,,
23008,162,ex,수학1,,
23008,163,ex,수학1,,
23008,164,ex,수학1,,
23008,165,ex,수학1,,
23008,166,ex,수학1,,
23008,167,lv1,수학1,,
23008,168,lv1,수학1,,
23008,169,lv1,수학1,,
23008,170,lv1,수학1,,
23008,171,lv1,수학1,,
23008,172,lv1,수학1,,
23008,173,lv1,수학1,,
23008,174,lv1,수학1,,
23008,175,lv2,수학1,,
23008,176,lv2,수학1,,
23008,177,lv2,수학1,,
23008,178,lv2,수학1,,
23008,179,lv2,수학1,,
23008,180,lv2,수학1,,
23008,181,lv2,수학1,,
23008,182,lv3,수학1,,
23008,183,lv3,수학1,,
23008,184,lv3,수학1,,
22008,1,ex,수학1,,
22008,2,ex,수학1,,
22008,3,ex,수학1,,
22008,4,ex,수학1,,
22008,5,ex,수학1,,
22008,6,ex,수학1,,
22008,7,ex,수학1,,
22008,8,ex,수학1,,
22008,9,ex,수학1,,
22008,10,ex,수학1,,
22008,11,lv1,수학1,,
22008,12,lv1,수학1,,
22008,13,lv1,수학1,,
22008,14,lv1,수학1,,
22008,15,lv1,수학1,,
22008,16,lv2,수학1,,
22008,17,lv2,수학1,,
22008,18,lv2,수학1,,
22008,19,lv2,수학1,,
22008,20,lv2,수학1,,
22008,21,lv2,수학1,,
22008,22,lv2,수학1,,
22008,23,lv2,수학1,,
22008,24,lv3,수학1,,
22008,25,lv3,수학1,,
22008,26,lv3,수학1,,
22008,27,lv3,수학1,,
22008,28,lv3,수학1,,
22008,29,lv3,수학1,,
22008,30,ex,수학1,,
22008,31,ex,수학1,,
22008,32,ex,수학1,,
22008,33,ex,수학1,,
22008,34,ex,수학1,,
22008,35,ex,수학1,,
22008,36,ex,수학1,,
22008,37,ex,수학1,,
22008,38,ex,수학1,,
22008,39,ex,수학1,,
22008,40,lv1,수학1,,
22008,41,lv1,수학1,,
22008,42,lv1,수학1,,
22008,43,lv1,수학1,,
22008,44,lv1,수학1,,
22008,45,lv2,수학1,,
22008,46,lv2,수학1,,
22008,47,lv2,수학1,,
22008,48,lv2,수학1,,
22008,49,lv2,수학1,,
22008,50,lv2,수학1,,
22008,51,lv2,수학1,,
22008,52,lv2,수학1,,
22008,53,lv3,수학1,,
22008,54,lv3,수학1,,
22008,55,lv3,수학1,,
22008,56,lv3,수학1,,
22008,57,lv3,수학1,,
22008,58,lv3,수학1,,
22008,59,ex,수학1,,
22008,60,ex,수학1,,
22008,61,ex,수학1,,
22008,62,ex,수학1,,
22008,63,ex,수학1,,
22008,64,ex,수학1,,
22008,65,ex,수학1,,
22008,66,ex,수학1,,
22008,67,ex,수학1,,
22008,68,ex,수학1,,
22008,69,lv1,수학1,,
22008,70,lv1,수학1,,
22008,71,lv1,수학1,,
22008,72,lv1,수학1,,
22008,73,lv1,수학1,,
22008,74,lv1,수학1,,
22008,75,lv1,수학1,,
22008,76,lv1,수학1,,
22008,77,lv2,수학1,,
22008,78,lv2,수학1,,
22008,79,lv2,수학1,,
22008,80,lv2,수학1,,
22008,81,lv2,수학1,,
22008,82,lv2,수학1,,
22008,83,lv2,수학1,,
22008,84,lv2,수학1,,
22008,85,lv2,수학1,,
22008,86,lv2,수학1,,
22008,87,lv2,수학1,,
22008,88,lv2,수학1,,
22008,89,lv3,수학1,,
22008,90,lv3,수학1,,
22008,91,lv3,수학1,,
22008,92,ex,수학1,,
22008,93,ex,수학1,,
22008,94,ex,수학1,,
22008,95,ex,수학1,,
22008,96,ex,수학1,,
22008,97,ex,수학1,,
22008,98,ex,수학1,,
22008,99,ex,수학1,,
22008,100,lv1,수학1,,
22008,101,lv1,수학1,,
22008,102,lv1,수학1,,
22008,103,lv1,수학1,,
22008,104,lv1,수학1,,
22008,105,lv1,수학1,,
22008,106,lv1,수학1,,
22008,107,lv1,수학1,,
22008,108,lv2,수학1,,
22008,109,lv2,수학1,,
22008,110,lv2,수학1,,
22008,111,lv2,수학1,,
22008,112,lv2,수학1,,
22008,113,lv2,수학1,,
22008,114,lv2,수학1,,
22008,115,lv2,수학1,,
22008,116,lv2,수학1,,
22008,117,lv3,수학1,,
22008,118,lv3,수학1,,
22008,119,lv3,수학1,,
22008,120,ex,수학1,,
22008,121,ex,수학1,,
22008,122,ex,수학1,,
22008,123,ex,수학1,,
22008,124,ex,수학1,,
22008,125,ex,수학1,,
22008,126,ex,수학1,,
22008,127,ex,수학1,,
22008,128,lv1,수학1,,
22008,129,lv1,수학1,,
22008,130,lv1,수학1,,
22008,131,lv1,수학1,,
22008,132,lv1,수학1,,
22008,133,lv1,수학1,,
22008,134,lv1,수학1,,
22008,135,lv1,수학1,,
22008,136,lv2,수학1,,
22008,137,lv2,수학1,,
22008,138,lv2,수학1,,
22008,139,lv2,수학1,,
22008,140,lv2,수학1,,
22008,141,lv2,수학1,,
22008,142,lv2,수학1,,
22008,143,lv2,수학1,,
22008,144,lv3,수학1,,
22008,145,lv3,수학1,,
22008,146,lv3,수학1,,
22008,147,ex,수학1,,
22008,148,ex,수학1,,
22008,149,ex,수학1,,
22008,150,ex,수학1,,
22008,151,ex,수학1,,
22008,152,ex,수학1,,
22008,153,ex,수학1,,
22008,154,ex,수학1,,
22008,155,ex,수학1,,
22008,156,ex,수학1,,
22008,157,ex,수학1,,
22008,158,lv1,수학1,,
22008,159,lv1,수학1,,
22008,160,lv1,수학1,,
22008,161,lv1,수학1,,
22008,162,lv1,수학1,,
22008,163,lv1,수학1,,
22008,164,lv1,수학1,,
22008,165,lv1,수학1,,
22008,166,lv2,수학1,,
22008,167,lv2,수학1,,
22008,168,lv2,수학1,,
22008,169,lv2,수학1,,
22008,170,lv2,수학1,,
22008,171,lv2,수학1,,
22008,172,lv2,수학1,,
22008,173,lv2,수학1,,
22008,174,lv3,수학1,,
22008,175,lv3,수학1,,
22008,176,lv3,수학1,,
22008,177,lv3,수학1,,
22008,178,lv3,수학1,,
21008,1,ex,수학1,,
21008,2,ex,수학1,,
21008,3,ex,수학1,,
21008,4,ex,수학1,,
21008,5,ex,수학1,,
21008,6,ex,수학1,,
21008,7,ex,수학1,,
21008,8,ex,수학1,,
21008,9,ex,수학1,,
21008,10,ex,수학1,,
21008,11,lv1,수학1,,
21008,12,lv1,수학1,,
21008,13,lv1,수학1,,
21008,14,lv1,수학1,,
21008,15,lv1,수학1,,
21008,16,lv1,수학1,,
21008,17,lv1,수학1,,
21008,18,lv1,수학1,,
21008,19,lv1,수학1,,
21008,20,lv1,수학1,,
21008,21,lv2,수학1,,
21008,22,lv2,수학1,,
21008,23,lv2,수학1,,
21008,24,lv2,수학1,,
21008,25,lv2,수학1,,
21008,26,lv2,수학1,,
21008,27,lv2,수학1,,
21008,28,lv2,수학1,,
21008,29,lv2,수학1,,
21008,30,lv3,수학1,,
21008,31,lv3,수학1,,
21008,32,lv3,수학1,,
21008,33,ex,수학1,,
21008,34,ex,수학1,,
21008,35,ex,수학1,,
21008,36,ex,수학1,,
21008,37,ex,수학1,,
21008,38,ex,수학1,,
21008,39,ex,수학1,,
21008,40,ex,수학1,,
21008,41,ex,수학1,,
21008,42,ex,수학1,,
21008,43,lv1,수학1,,
21008,44,lv1,수학1,,
21008,45,lv1,수학1,,
21008,46,lv1,수학1,,
21008,47,lv1,수학1,,
21008,48,lv2,수학1,,
21008,49,lv2,수학1,,
21008,50,lv2,수학1,,
21008,51,lv2,수학1,,
21008,52,lv2,수학1,,
21008,53,lv2,수학1,,
21008,54,lv2,수학1,,
21008,55,lv2,수학1,,
21008,56,lv3,수학1,,
21008,57,lv3,수학1,,
21008,58,lv3,수학1,,
21008,59,ex,수학1,,
21008,60,ex,수학1,,
21008,61,ex,수학1,,
21008,62,ex,수학1,,
21008,63,ex,수학1,,
21008,64,ex,수학1,,
21008,65,ex,수학1,,
21008,66,ex,수학1,,
21008,67,ex,수학1,,
21008,68,lv1,수학1,,
21008,69,lv1,수학1,,
21008,70,lv1,수학1,,
21008,71,lv1,수학1,,
21008,72,lv1,수학1,,
21008,73,lv1,수학1,,
21008,74,lv1,수학1,,
21008,75,lv1,수학1,,
21008,76,lv1,수학1,,
21008,77,lv1,수학1,,
21008,78,lv1,수학1,,
21008,79,lv1,수학1,,
21008,80,lv1,수학1,,
21008,81,lv1,수학1,,
21008,82,lv2,수학1,,
21008,83,lv2,수학1,,
21008,84,lv2,수학1,,
21008,85,lv2,수학1,,
21008,86,lv2,수학1,,
21008,87,lv2,수학1,,
21008,88,lv2,수학1,,
21008,89,lv2,수학1,,
21008,90,lv3,수학1,,
21008,91,lv3,수학1,,
21008,92,lv3,수학1,,
21008,93,lv3,수학1,,
21008,94,ex,수학1,,
21008,95,ex,수학1,,
21008,96,ex,수학1,,
21008,97,ex,수학1,,
21008,98,ex,수학1,,
21008,99,ex,수학1,,
21008,100,lv1,수학1,,
21008,101,lv1,수학1,,
21008,102,lv1,수학1,,
21008,103,lv1,수학1,,
21008,104,lv1,수학1,,
21008,105,lv1,수학1,,
21008,106,lv1,수학1,,
21008,107,lv1,수학1,,
21008,108,lv2,수학1,,
21008,109,lv2,수학1,,
21008,110,lv2,수학1,,
21008,111,lv2,수학1,,
21008,112,lv2,수학1,,
21008,113,lv2,수학1,,
21008,114,lv2,수학1,,
21008,115,lv2,수학1,,
21008,116,lv2,수학1,,
21008,117,lv2,수학1,,
21008,118,lv2,수학1,,
21008,119,lv2,수학1,,
21008,120,lv3,수학1,,
21008,121,lv3,수학1,,
21008,122,lv3,수학1,,
21008,123,ex,수학1,,
21008,124,ex,수학1,,
21008,125,ex,수학1,,
21008,126,ex,수학1,,
21008,127,ex,수학1,,
21008,128,ex,수학1,,
21008,129,ex,수학1,,
21008,130,ex,수학1,,
21008,131,lv1,수학1,,
21008,132,lv1,수학1,,
21008,133,lv1,수학1,,
21008,134,lv1,수학1,,
21008,135,lv1,수학1,,
21008,136,lv1,수학1,,
21008,137,lv1,수학1,,
21008,138,lv1,수학1,,
21008,139,lv1,수학1,,
21008,140,lv1,수학1,,
21008,141,lv2,수학1,,
21008,142,lv2,수학1,,
21008,143,lv2,수학1,,
21008,144,lv2,수학1,,
21008,145,lv2,수학1,,
21008,146,lv2,수학1,,
21008,147,lv2,수학1,,
21008,148,lv2,수학1,,
21008,149,lv2,수학1,,
21008,150,lv2,수학1,,
21008,151,lv2,수학1,,
21008,152,lv2,수학1,,
21008,153,lv2,수학1,,
21008,154,lv2,수학1,,
21008,155,lv3,수학1,,
21008,156,lv3,수학1,,
21008,157,lv3,수학1,,
21008,158,ex,수학1,,
21008,159,ex,수학1,,
21008,160,ex,수학1,,
21008,161,ex,수학1,,
21008,162,ex,수학1,,
21008,163,ex,수학1,,
21008,164,ex,수학1,,
21008,165,ex,수학1,,
21008,166,ex,수학1,,
21008,167,ex,수학1,,
21008,168,ex,수학1,,
21008,169,lv1,수학1,,
21008,170,lv1,수학1,,
21008,171,lv1,수학1,,
21008,172,lv1,수학1,,
21008,173,lv1,수학1,,
21008,174,lv1,수학1,,
21008,175,lv1,수학1,,
21008,176,lv1,수학1,,
21008,177,lv1,수학1,,
21008,178,lv1,수학1,,
21008,179,lv2,수학1,,
21008,180,lv2,수학1,,
21008,181,lv2,수학1,,
21008,182,lv2,수학1,,
21008,183,lv2,수학1,,
21008,184,lv2,수학1,,
21008,185,lv2,수학1,,
21008,186,lv2,수학1,,
21008,187,lv3,수학1,,
21008,188,lv3,수학1,,
21008,189,lv3,수학1,,
21008,190,lv3,수학1,,
20007,1,ex,수학1,,
20007,2,ex,수학1,,
20007,3,ex,수학1,,
20007,4,ex,수학1,,
20007,5,ex,수학1,,
20007,6,ex,수학1,,
20007,7,ex,수학1,,
20007,8,ex,수학1,,
20007,9,ex,수학1,,
20007,10,ex,수학1,,
20007,11,ex,수학1,,
20007,12,ex,수학1,,
20007,13,lv3,수학1,,
20007,14,lv3,수학1,,
20007,15,lv3,수학1,,
20007,16,lv3,수학1,,
20007,17,lv3,수학1,,
20007,18,lv3,수학1,,
20007,19,lv3,수학1,,
20007,20,lv3,수학1,,
20007,21,lv3,수학1,,
20007,22,lv3,수학1,,
20007,23,lv2,수학1,,
20007,24,lv2,수학1,,
20007,25,lv2,수학1,,
20007,26,lv2,수학1,,
20007,27,lv2,수학1,,
20007,28,lv2,수학1,,
20007,29,lv2,수학1,,
20007,30,lv2,수학1,,
20007,31,lv3,수학1,,
20007,32,lv3,수학1,,
20007,33,lv3,수학1,,
20007,34,lv3,수학1,,
20007,35,ex,수학1,,
20007,36,ex,수학1,,
20007,37,ex,수학1,,
20007,38,ex,수학1,,
20007,39,ex,수학1,,
20007,40,ex,수학1,,
20007,41,ex,수학1,,
20007,42,ex,수학1,,
20007,43,ex,수학1,,
20007,44,ex,수학1,,
20007,45,lv1,수학1,,
20007,46,lv1,수학1,,
20007,47,lv1,수학1,,
20007,48,lv1,수학1,,
20007,49,lv1,수학1,,
20007,50,lv1,수학1,,
20007,51,lv1,수학1,,
20007,52,lv1,수학1,,
20007,53,lv2,수학1,,
20007,54,lv2,수학1,,
20007,55,lv2,수학1,,
20007,56,lv2,수학1,,
20007,57,lv3,수학1,,
20007,58,lv3,수학1,,
20007,59,lv3,수학1,,
20007,60,ex,수학1,,
20007,61,ex,수학1,,
20007,62,ex,수학1,,
20007,63,ex,수학1,,
20007,64,ex,수학1,,
20007,65,ex,수학1,,
20007,66,ex,수학1,,
20007,67,ex,수학1,,
20007,68,ex,수학1,,
20007,69,ex,수학1,,
20007,70,lv1,수학1,,
20007,71,lv1,수학1,,
20007,72,lv1,수학1,,
20007,73,lv1,수학1,,
20007,74,lv1,수학1,,
20007,75,lv1,수학1,,
20007,76,lv1,수학1,,
20007,77,lv1,수학1,,
20007,78,lv1,수학1,,
20007,79,lv2,수학1,,
20007,80,lv2,수학1,,
20007,81,lv2,수학1,,
20007,82,lv2,수학1,,
20007,83,lv2,수학1,,
20007,84,lv2,수학1,,
20007,85,lv2,수학1,,
20007,86,lv2,수학1,,
20007,87,lv2,수학1,,
20007,88,lv2,수학1,,
20007,89,lv2,수학1,,
20007,90,lv2,수학1,,
20007,91,lv3,수학1,,
20007,92,lv3,수학1,,
20007,93,lv3,수학1,,
20007,94,lv3,수학1,,
20007,95,ex,수학1,,
20007,96,ex,수학1,,
20007,97,ex,수학1,,
20007,98,ex,수학1,,
20007,99,ex,수학1,,
20007,100,ex,수학1,,
20007,101,ex,수학1,,
20007,102,ex,수학1,,
20007,103,lv1,수학1,,
20007,104,lv1,수학1,,
20007,105,lv1,수학1,,
20007,106,lv1,수학1,,
20007,107,lv1,수학1,,
20007,108,lv1,수학1,,
20007,109,lv1,수학1,,
20007,110,lv1,수학1,,
20007,111,lv2,수학1,,
20007,112,lv2,수학1,,
20007,113,lv2,수학1,,
20007,114,lv2,수학1,,
20007,115,lv2,수학1,,
20007,116,lv2,수학1,,
20007,117,lv2,수학1,,
20007,118,lv2,수학1,,
20007,119,lv3,수학1,,
20007,120,lv3,수학1,,
20007,121,lv3,수학1,,
20007,122,ex,수학1,,
20007,123,ex,수학1,,
20007,124,ex,수학1,,
20007,125,ex,수학1,,
20007,126,ex,수학1,,
20007,127,ex,수학1,,
20007,128,ex,수학1,,
20007,129,ex,수학1,,
20007,130,lv1,수학1,,
20007,131,lv1,수학1,,
20007,132,lv1,수학1,,
20007,133,lv1,수학1,,
20007,134,lv1,수학1,,
20007,135,lv1,수학1,,
20007,136,lv1,수학1,,
20007,137,lv1,수학1,,
20007,138,lv1,수학1,,
20007,139,lv1,수학1,,
20007,140,lv2,수학1,,
20007,141,lv2,수학1,,
20007,142,lv2,수학1,,
20007,143,lv2,수학1,,
20007,144,lv2,수학1,,
20007,145,lv2,수학1,,
20007,146,lv2,수학1,,
20007,147,lv2,수학1,,
20007,148,lv2,수학1,,
20007,149,lv2,수학1,,
20007,150,lv2,수학1,,
20007,151,lv2,수학1,,
20007,152,lv2,수학1,,
20007,153,lv2,수학1,,
20007,154,lv2,수학1,,
20007,155,lv3,수학1,,
20007,156,lv3,수학1,,
20007,157,lv3,수학1,,
20007,158,ex,수학1,,
20007,159,ex,수학1,,
20007,160,ex,수학1,,
20007,161,ex,수학1,,
20007,162,ex,수학1,,
20007,163,ex,수학1,,
20007,164,ex,수학1,,
20007,165,ex,수학1,,
20007,166,lv1,수학1,,
20007,167,lv1,수학1,,
20007,168,lv1,수학1,,
20007,169,lv1,수학1,,
20007,170,lv1,수학1,,
20007,171,lv1,수학1,,
20007,172,lv1,수학1,,
20007,173,lv1,수학1,,
20007,174,lv1,수학1,,
20007,175,lv1,수학1,,
20007,176,lv2,수학1,,
20007,177,lv2,수학1,,
20007,178,lv2,수학1,,
20007,179,lv2,수학1,,
20007,180,lv3,수학1,,
20007,181,lv3,수학1,,
20007,182,lv3,수학1,,
20007,183,ex,수학1,,
20007,184,ex,수학1,,
20007,185,ex,수학1,,
20007,186,ex,수학1,,
20007,187,ex,수학1,,
20007,188,lv1,수학1,,
20007,189,lv1,수학1,,
20007,190,lv1,수학1,,
20007,191,lv1,수학1,,
20007,192,lv2,수학1,,
20007,193,lv2,수학1,,
20007,194,lv2,수학1,,
20007,195,lv2,수학1,,
20007,196,lv3,수학1,,
20007,197,lv3,수학1,,
20007,198,lv3,수학1,,
25010,1,ex,확통,,
25010,2,ex,확통,,
25010,3,ex,확통,,
25010,4,ex,확통,,
25010,5,ex,확통,,
25010,6,ex,확통,,
25010,7,lv1,확통,,
25010,8,lv1,확통,,
25010,9,lv1,확통,,
25010,10,lv1,확통,,
25010,11,lv1,확통,,
25010,12,lv1,확통,,
25010,13,lv1,확통,,
25010,14,lv1,확통,,
25010,15,lv2,확통,,
25010,16,lv2,확통,,
25010,17,lv2,확통,,
25010,18,lv2,확통,,
25010,19,lv2,확통,,
25010,20,lv2,확통,,
25010,21,lv2,확통,,
25010,22,lv2,확통,,
25010,23,lv3,확통,,
25010,24,lv3,확통,,
25010,25,lv3,확통,,
25010,26,ex,확통,,
25010,27,ex,확통,,
25010,28,ex,확통,,
25010,29,ex,확통,,
25010,30,ex,확통,,
25010,31,ex,확통,,
25010,32,ex,확통,,
25010,33,ex,확통,,
25010,34,lv1,확통,,
25010,35,lv1,확통,,
25010,36,lv1,확통,,
25010,37,lv1,확통,,
25010,38,lv1,확통,,
25010,39,lv1,확통,,
25010,40,lv1,확통,,
25010,41,lv1,확통,,
25010,42,lv2,확통,,
25010,43,lv2,확통,,
25010,44,lv2,확통,,
25010,45,lv2,확통,,
25010,46,lv2,확통,,
25010,47,lv2,확통,,
25010,48,lv2,확통,,
25010,49,lv2,확통,,
25010,50,lv3,확통,,
25010,51,lv3,확통,,
25010,52,lv3,확통,,
25010,53,ex,확통,,
25010,54,ex,확통,,
25010,55,ex,확통,,
25010,56,ex,확통,,
25010,57,ex,확통,,
25010,58,ex,확통,,
25010,59,ex,확통,,
25010,60,ex,확통,,
25010,61,lv1,확통,,
25010,62,lv1,확통,,
25010,63,lv1,확통,,
25010,64,lv1,확통,,
25010,65,lv1,확통,,
25010,66,lv1,확통,,
25010,67,lv1,확통,,
25010,68,lv1,확통,,
25010,69,lv2,확통,,
25010,70,lv2,확통,,
25010,71,lv2,확통,,
25010,72,lv2,확통,,
25010,73,lv2,확통,,
25010,74,lv2,확통,,
25010,75,lv2,확통,,
25010,76,lv2,확통,,
25010,77,lv3,확통,,
25010,78,lv3,확통,,
25010,79,lv3,확통,,
25010,80,ex,확통,,
25010,81,ex,확통,,
25010,82,ex,확통,,
25010,83,ex,확통,,
25010,84,ex,확통,,
25010,85,ex,확통,,
25010,86,ex,확통,,
25010,87,lv1,확통,,
25010,88,lv1,확통,,
25010,89,lv1,확통,,
25010,90,lv1,확통,,
25010,91,lv1,확통,,
25010,92,lv1,확통,,
25010,93,lv1,확통,,
25010,94,lv1,확통,,
25010,95,lv2,확통,,
25010,96,lv2,확통,,
25010,97,lv2,확통,,
25010,98,lv2,확통,,
25010,99,lv2,확통,,
25010,100,lv2,확통,,
25010,101,lv2,확통,,
25010,102,lv2,확통,,
25010,103,lv3,확통,,
25010,104,lv3,확통,,
25010,105,lv3,확통,,
25010,106,ex,확통,,
25010,107,ex,확통,,
25010,108,ex,확통,,
25010,109,ex,확통,,
25010,110,ex,확통,,
25010,111,ex,확통,,
25010,112,ex,확통,,
25010,113,ex,확통,,
25010,114,ex,확통,,
25010,115,lv1,확통,,
25010,116,lv1,확통,,
25010,117,lv1,확통,,
25010,118,lv1,확통,,
25010,119,lv1,확통,,
25010,120,lv1,확통,,
25010,121,lv1,확통,,
25010,122,lv1,확통,,
25010,123,lv2,확통,,
25010,124,lv2,확통,,
25010,125,lv2,확통,,
25010,126,lv2,확통,,
25010,127,lv2,확통,,
25010,128,lv2,확통,,
25010,129,lv2,확통,,
25010,130,lv2,확통,,
25010,131,lv3,확통,,
25010,132,lv3,확통,,
25010,133,lv3,확통,,
25010,134,ex,확통,,
25010,135,ex,확통,,
25010,136,ex,확통,,
25010,137,ex,확통,,
25010,138,ex,확통,,
25010,139,ex,확통,,
25010,140,ex,확통,,
25010,141,lv1,확통,,
25010,142,lv1,확통,,
25010,143,lv1,확통,,
25010,144,lv1,확통,,
25010,145,lv1,확통,,
25010,146,lv1,확통,,
25010,147,lv1,확통,,
25010,148,lv1,확통,,
25010,149,lv2,확통,,
25010,150,lv2,확통,,
25010,151,lv2,확통,,
25010,152,lv2,확통,,
25010,153,lv2,확통,,
25010,154,lv2,확통,,
25010,155,lv2,확통,,
25010,156,lv2,확통,,
25010,157,lv3,확통,,
25010,158,lv3,확통,,
25010,159,lv3,확통,,
25010,160,ex,확통,,
25010,161,ex,확통,,
25010,162,ex,확통,,
25010,163,ex,확통,,
25010,164,ex,확통,,
25010,165,ex,확통,,
25010,166,ex,확통,,
25010,167,ex,확통,,
25010,168,lv1,확통,,
25010,169,lv1,확통,,
25010,170,lv1,확통,,
25010,171,lv1,확통,,
25010,172,lv1,확통,,
25010,173,lv1,확통,,
25010,174,lv1,확통,,
25010,175,lv1,확통,,
25010,176,lv2,확통,,
25010,177,lv2,확통,,
25010,178,lv2,확통,,
25010,179,lv2,확통,,
25010,180,lv2,확통,,
25010,181,lv2,확통,,
25010,182,lv2,확통,,
25010,183,lv2,확통,,
25010,184,lv3,확통,,
25010,185,lv3,확통,,
25010,186,lv3,확통,,
24010,1,ex,확통,,
24010,2,ex,확통,,
24010,3,ex,확통,,
24010,4,ex,확통,,
24010,5,ex,확통,,
24010,6,lv1,확통,,
24010,7,lv1,확통,,
24010,8,lv1,확통,,
24010,9,lv1,확통,,
24010,10,lv1,확통,,
24010,11,lv1,확통,,
24010,12,lv1,확통,,
24010,13,lv1,확통,,
24010,14,lv2,확통,,
24010,15,lv2,확통,,
24010,16,lv2,확통,,
24010,17,lv2,확통,,
24010,18,lv2,확통,,
24010,19,lv2,확통,,
24010,20,lv2,확통,,
24010,21,lv3,확통,,
24010,22,lv3,확통,,
24010,23,lv3,확통,,
24010,24,ex,확통,,
24010,25,ex,확통,,
24010,26,ex,확통,,
24010,27,ex,확통,,
24010,28,ex,확통,,
24010,29,ex,확통,,
24010,30,ex,확통,,
24010,31,lv1,확통,,
24010,32,lv1,확통,,
24010,33,lv1,확통,,
24010,34,lv1,확통,,
24010,35,lv1,확통,,
24010,36,lv1,확통,,
24010,37,lv1,확통,,
24010,38,lv1,확통,,
24010,39,lv2,확통,,
24010,40,lv2,확통,,
24010,41,lv2,확통,,
24010,42,lv2,확통,,
24010,43,lv2,확통,,
24010,44,lv2,확통,,
24010,45,lv2,확통,,
24010,46,lv2,확통,,
24010,47,lv3,확통,,
24010,48,lv3,확통,,
24010,49,lv3,확통,,
24010,50,ex,확통,,
24010,51,ex,확통,,
24010,52,ex,확통,,
24010,53,ex,확통,,
24010,54,ex,확통,,
24010,55,ex,확통,,
24010,56,ex,확통,,
24010,57,lv1,확통,,
24010,58,lv1,확통,,
24010,59,lv1,확통,,
24010,60,lv1,확통,,
24010,61,lv1,확통,,
24010,62,lv1,확통,,
24010,63,lv1,확통,,
24010,64,lv1,확통,,
24010,65,lv2,확통,,
24010,66,lv2,확통,,
24010,67,lv2,확통,,
24010,68,lv2,확통,,
24010,69,lv2,확통,,
24010,70,lv2,확통,,
24010,71,lv2,확통,,
24010,72,lv2,확통,,
24010,73,lv3,확통,,
24010,74,lv3,확통,,
24010,75,lv3,확통,,
24010,76,ex,확통,,
24010,77,ex,확통,,
24010,78,ex,확통,,
24010,79,ex,확통,,
24010,80,ex,확통,,
24010,81,lv1,확통,,
24010,82,lv1,확통,,
24010,83,lv1,확통,,
24010,84,lv1,확통,,
24010,85,lv1,확통,,
24010,86,lv1,확통,,
24010,87,lv1,확통,,
24010,88,lv1,확통,,
24010,89,lv2,확통,,
24010,90,lv2,확통,,
24010,91,lv2,확통,,
24010,92,lv2,확통,,
24010,93,lv2,확통,,
24010,94,lv2,확통,,
24010,95,lv2,확통,,
24010,96,lv2,확통,,
24010,97,lv3,확통,,
24010,98,lv3,확통,,
24010,99,lv3,확통,,
24010,100,ex,확통,,
24010,101,ex,확통,,
24010,102,ex,확통,,
24010,103,ex,확통,,
24010,104,ex,확통,,
24010,105,ex,확통,,
24010,106,ex,확통,,
24010,107,ex,확통,,
24010,108,ex,확통,,
24010,109,ex,확통,,
24010,110,lv1,확통,,
24010,111,lv1,확통,,
24010,112,lv1,확통,,
24010,113,lv1,확통,,
24010,114,lv1,확통,,
24010,115,lv2,확통,,
24010,116,lv2,확통,,
24010,117,lv2,확통,,
24010,118,lv2,확통,,
24010,119,lv2,확통,,
24010,120,lv2,확통,,
24010,121,lv2,확통,,
24010,122,lv2,확통,,
24010,123,lv3,확통,,
24010,124,lv3,확통,,
24010,125,lv3,확통,,
24010,126,ex,확통,,
24010,127,ex,확통,,
24010,128,ex,확통,,
24010,129,ex,확통,,
24010,130,ex,확통,,
24010,131,ex,확통,,
24010,132,ex,확통,,
24010,133,ex,확통,,
24010,134,lv1,확통,,
24010,135,lv1,확통,,
24010,136,lv1,확통,,
24010,137,lv1,확통,,
24010,138,lv1,확통,,
24010,139,lv2,확통,,
24010,140,lv2,확통,,
24010,141,lv2,확통,,
24010,142,lv2,확통,,
24010,143,lv2,확통,,
24010,144,lv2,확통,,
24010,145,lv2,확통,,
24010,146,lv2,확통,,
24010,147,lv3,확통,,
24010,148,lv3,확통,,
24010,149,lv3,확통,,
24010,150,ex,확통,,
24010,151,ex,확통,,
24010,152,ex,확통,,
24010,153,ex,확통,,
24010,154,ex,확통,,
24010,155,ex,확통,,
24010,156,ex,확통,,
24010,157,lv1,확통,,
24010,158,lv1,확통,,
24010,159,lv1,확통,,
24010,160,lv1,확통,,
24010,161,lv1,확통,,
24010,162,lv1,확통,,
24010,163,lv1,확통,,
24010,164,lv1,확통,,
24010,165,lv2,확통,,
24010,166,lv2,확통,,
24010,167,lv2,확통,,
24010,168,lv2,확통,,
24010,169,lv2,확통,,
24010,170,lv2,확통,,
24010,171,lv2,확통,,
24010,172,lv2,확통,,
24010,173,lv3,확통,,
24010,174,lv3,확통,,
24010,175,lv3,확통,,
23010,1,ex,확통,,
23010,2,ex,확통,,
23010,3,ex,확통,,
23010,4,ex,확통,,
23010,5,ex,확통,,
23010,6,ex,확통,,
23010,7,lv1,확통,,
23010,8,lv1,확통,,
23010,9,lv1,확통,,
23010,10,lv1,확통,,
23010,11,lv1,확통,,
23010,12,lv1,확통,,
23010,13,lv1,확통,,
23010,14,lv1,확통,,
23010,15,lv1,확통,,
23010,16,lv1,확통,,
23010,17,lv1,확통,,
23010,18,lv1,확통,,
23010,19,lv1,확통,,
23010,20,lv1,확통,,
23010,21,lv1,확통,,
23010,22,lv3,확통,,
23010,23,lv3,확통,,
23010,24,lv3,확통,,
23010,25,ex,확통,,
23010,26,ex,확통,,
23010,27,ex,확통,,
23010,28,ex,확통,,
23010,29,ex,확통,,
23010,30,ex,확통,,
23010,31,ex,확통,,
23010,32,ex,확통,,
23010,33,lv1,확통,,
23010,34,lv1,확통,,
23010,35,lv1,확통,,
23010,36,lv1,확통,,
23010,37,lv1,확통,,
23010,38,lv1,확통,,
23010,39,lv1,확통,,
23010,40,lv1,확통,,
23010,41,lv2,확통,,
23010,42,lv2,확통,,
23010,43,lv2,확통,,
23010,44,lv2,확통,,
23010,45,lv2,확통,,
23010,46,lv2,확통,,
23010,47,lv2,확통,,
23010,48,lv3,확통,,
23010,49,lv3,확통,,
23010,50,lv3,확통,,
23010,51,ex,확통,,
23010,52,ex,확통,,
23010,53,ex,확통,,
23010,54,ex,확통,,
23010,55,ex,확통,,
23010,56,ex,확통,,
23010,57,ex,확통,,
23010,58,ex,확통,,
23010,59,lv1,확통,,
23010,60,lv1,확통,,
23010,61,lv1,확통,,
23010,62,lv1,확통,,
23010,63,lv1,확통,,
23010,64,lv1,확통,,
23010,65,lv1,확통,,
23010,66,lv1,확통,,
23010,67,lv2,확통,,
23010,68,lv2,확통,,
23010,69,lv2,확통,,
23010,70,lv2,확통,,
23010,71,lv2,확통,,
23010,72,lv2,확통,,
23010,73,lv2,확통,,
23010,74,lv2,확통,,
23010,75,lv3,확통,,
23010,76,lv3,확통,,
23010,77,lv3,확통,,
23010,78,ex,확통,,
23010,79,ex,확통,,
23010,80,ex,확통,,
23010,81,ex,확통,,
23010,82,ex,확통,,
23010,83,ex,확통,,
23010,84,ex,확통,,
23010,85,ex,확통,,
23010,86,lv1,확통,,
23010,87,lv1,확통,,
23010,88,lv1,확통,,
23010,89,lv1,확통,,
23010,90,lv1,확통,,
23010,91,lv1,확통,,
23010,92,lv1,확통,,
23010,93,lv1,확통,,
23010,94,lv2,확통,,
23010,95,lv2,확통,,
23010,96,lv2,확통,,
23010,97,lv2,확통,,
23010,98,lv2,확통,,
23010,99,lv2,확통,,
23010,100,lv2,확통,,
23010,101,lv2,확통,,
23010,102,lv3,확통,,
23010,103,lv3,확통,,
23010,104,lv3,확통,,
23010,105,ex,확통,,
23010,106,ex,확통,,
23010,107,ex,확통,,
23010,108,ex,확통,,
23010,109,ex,확통,,
23010,110,ex,확통,,
23010,111,ex,확통,,
23010,112,ex,확통,,
23010,113,ex,확통,,
23010,114,ex,확통,,
23010,115,lv1,확통,,
23010,116,lv1,확통,,
23010,117,lv1,확통,,
23010,118,lv1,확통,,
23010,119,lv1,확통,,
23010,120,lv2,확통,,
23010,121,lv2,확통,,
23010,122,lv2,확통,,
23010,123,lv2,확통,,
23010,124,lv2,확통,,
23010,125,lv2,확통,,
23010,126,lv2,확통,,
23010,127,lv2,확통,,
23010,128,lv3,확통,,
23010,129,lv3,확통,,
23010,130,lv3,확통,,
23010,131,ex,확통,,
23010,132,ex,확통,,
23010,133,ex,확통,,
23010,134,ex,확통,,
23010,135,ex,확통,,
23010,136,ex,확통,,
23010,137,ex,확통,,
23010,138,ex,확통,,
23010,139,lv1,확통,,
23010,140,lv1,확통,,
23010,141,lv1,확통,,
23010,142,lv1,확통,,
23010,143,lv1,확통,,
23010,144,lv2,확통,,
23010,145,lv2,확통,,
23010,146,lv2,확통,,
23010,147,lv2,확통,,
23010,148,lv2,확통,,
23010,149,lv2,확통,,
23010,150,lv2,확통,,
23010,151,lv2,확통,,
23010,152,lv3,확통,,
23010,153,lv3,확통,,
23010,154,lv3,확통,,
23010,155,ex,확통,,
23010,156,ex,확통,,
23010,157,ex,확통,,
23010,158,ex,확통,,
23010,159,ex,확통,,
23010,160,ex,확통,,
23010,161,ex,확통,,
23010,162,ex,확통,,
23010,163,lv1,확통,,
23010,164,lv1,확통,,
23010,165,lv1,확통,,
23010,166,lv1,확통,,
23010,167,lv1,확통,,
23010,168,lv2,확통,,
23010,169,lv2,확통,,
23010,170,lv2,확통,,
23010,171,lv2,확통,,
23010,172,lv2,확통,,
23010,173,lv2,확통,,
23010,174,lv2,확통,,
23010,175,lv2,확통,,
23010,176,lv3,확통,,
23010,177,lv3,확통,,
23010,178,lv3,확통,,
22010,1,ex,확통,,
22010,2,ex,확통,,
22010,3,ex,확통,,
22010,4,ex,확통,,
22010,5,ex,확통,,
22010,6,ex,확통,,
22010,7,lv1,확통,,
22010,8,lv1,확통,,
22010,9,lv1,확통,,
22010,10,lv1,확통,,
22010,11,lv1,확통,,
22010,12,lv1,확통,,
22010,13,lv1,확통,,
22010,14,lv1,확통,,
22010,15,lv2,확통,,
22010,16,lv2,확통,,
22010,17,lv2,확통,,
22010,18,lv2,확통,,
22010,19,lv3,확통,,
22010,20,lv3,확통,,
22010,21,lv3,확통,,
22010,22,ex,확통,,
22010,23,ex,확통,,
22010,24,ex,확통,,
22010,25,ex,확통,,
22010,26,ex,확통,,
22010,27,ex,확통,,
22010,28,ex,확통,,
22010,29,ex,확통,,
22010,30,lv1,확통,,
22010,31,lv1,확통,,
22010,32,lv1,확통,,
22010,33,lv1,확통,,
22010,34,lv1,확통,,
22010,35,lv1,확통,,
22010,36,lv1,확통,,
22010,37,lv1,확통,,
22010,38,lv2,확통,,
22010,39,lv2,확통,,
22010,40,lv2,확통,,
22010,41,lv2,확통,,
22010,42,lv3,확통,,
22010,43,lv3,확통,,
22010,44,lv3,확통,,
22010,45,ex,확통,,
22010,46,ex,확통,,
22010,47,ex,확통,,
22010,48,ex,확통,,
22010,49,ex,확통,,
22010,50,ex,확통,,
22010,51,lv1,확통,,
22010,52,lv1,확통,,
22010,53,lv1,확통,,
22010,54,lv1,확통,,
22010,55,lv1,확통,,
22010,56,lv1,확통,,
22010,57,lv1,확통,,
22010,58,lv1,확통,,
22010,59,lv2,확통,,
22010,60,lv2,확통,,
22010,61,lv2,확통,,
22010,62,lv2,확통,,
22010,63,lv2,확통,,
22010,64,lv2,확통,,
22010,65,lv2,확통,,
22010,66,lv2,확통,,
22010,67,lv3,확통,,
22010,68,lv3,확통,,
22010,69,lv3,확통,,
22010,70,ex,확통,,
22010,71,ex,확통,,
22010,72,ex,확통,,
22010,73,ex,확통,,
22010,74,ex,확통,,
22010,75,ex,확통,,
22010,76,lv1,확통,,
22010,77,lv1,확통,,
22010,78,lv1,확통,,
22010,79,lv1,확통,,
22010,80,lv1,확통,,
22010,81,lv1,확통,,
22010,82,lv1,확통,,
22010,83,lv1,확통,,
22010,84,lv2,확통,,
22010,85,lv2,확통,,
22010,86,lv2,확통,,
22010,87,lv2,확통,,
22010,88,lv2,확통,,
22010,89,lv2,확통,,
22010,90,lv2,확통,,
22010,91,lv2,확통,,
22010,92,lv3,확통,,
22010,93,lv3,확통,,
22010,94,lv3,확통,,
22010,95,ex,확통,,
22010,96,ex,확통,,
22010,97,ex,확통,,
22010,98,ex,확통,,
22010,99,ex,확통,,
22010,100,ex,확통,,
22010,101,ex,확통,,
22010,102,ex,확통,,
22010,103,lv1,확통,,
22010,104,lv1,확통,,
22010,105,lv1,확통,,
22010,106,lv1,확통,,
22010,107,lv1,확통,,
22010,108,lv2,확통,,
22010,109,lv2,확통,,
22010,110,lv2,확통,,
22010,111,lv2,확통,,
22010,112,lv2,확통,,
22010,113,lv2,확통,,
22010,114,lv2,확통,,
22010,115,lv2,확통,,
22010,116,lv3,확통,,
22010,117,lv3,확통,,
22010,118,lv3,확통,,
22010,119,ex,확통,,
22010,120,ex,확통,,
22010,121,ex,확통,,
22010,122,ex,확통,,
22010,123,ex,확통,,
22010,124,ex,확통,,
22010,125,ex,확통,,
22010,126,ex,확통,,
22010,127,lv1,확통,,
22010,128,lv1,확통,,
22010,129,lv1,확통,,
22010,130,lv1,확통,,
22010,131,lv1,확통,,
22010,132,lv2,확통,,
22010,133,lv2,확통,,
22010,134,lv2,확통,,
22010,135,lv2,확통,,
22010,136,lv2,확통,,
22010,137,lv2,확통,,
22010,138,lv2,확통,,
22010,139,lv3,확통,,
22010,140,lv3,확통,,
22010,141,lv3,확통,,
22010,142,ex,확통,,
22010,143,ex,확통,,
22010,144,ex,확통,,
22010,145,ex,확통,,
22010,146,ex,확통,,
22010,147,ex,확통,,
22010,148,ex,확통,,
22010,149,ex,확통,,
22010,150,lv1,확통,,
22010,151,lv1,확통,,
22010,152,lv1,확통,,
22010,153,lv1,확통,,
22010,154,lv2,확통,,
22010,155,lv2,확통,,
22010,156,lv2,확통,,
22010,157,lv2,확통,,
22010,158,lv2,확통,,
22010,159,lv2,확통,,
22010,160,lv2,확통,,
22010,161,lv2,확통,,
22010,162,lv3,확통,,
22010,163,lv3,확통,,
22010,164,lv3,확통,,
21010,1,ex,확통,,
21010,2,ex,확통,,
21010,3,ex,확통,,
21010,4,ex,확통,,
21010,5,ex,확통,,
21010,6,ex,확통,,
21010,7,lv1,확통,,
21010,8,lv1,확통,,
21010,9,lv1,확통,,
21010,10,lv1,확통,,
21010,11,lv1,확통,,
21010,12,lv1,확통,,
21010,13,lv1,확통,,
21010,14,lv1,확통,,
21010,15,lv2,확통,,
21010,16,lv2,확통,,
21010,17,lv2,확통,,
21010,18,lv2,확통,,
21010,19,lv3,확통,,
21010,20,lv3,확통,,
21010,21,lv3,확통,,
21010,22,ex,확통,,
21010,23,ex,확통,,
21010,24,ex,확통,,
21010,25,ex,확통,,
21010,26,ex,확통,,
21010,27,ex,확통,,
21010,28,ex,확통,,
21010,29,ex,확통,,
21010,30,lv1,확통,,
21010,31,lv1,확통,,
21010,32,lv1,확통,,
21010,33,lv1,확통,,
21010,34,lv1,확통,,
21010,35,lv1,확통,,
21010,36,lv1,확통,,
21010,37,lv1,확통,,
21010,38,lv2,확통,,
21010,39,lv2,확통,,
21010,40,lv2,확통,,
21010,41,lv2,확통,,
21010,42,lv3,확통,,
21010,43,lv3,확통,,
21010,44,lv3,확통,,
21010,45,ex,확통,,
21010,46,ex,확통,,
21010,47,ex,확통,,
21010,48,ex,확통,,
21010,49,ex,확통,,
21010,50,ex,확통,,
21010,51,ex,확통,,
21010,52,lv1,확통,,
21010,53,lv1,확통,,
21010,54,lv1,확통,,
21010,55,lv1,확통,,
21010,56,lv1,확통,,
21010,57,lv2,확통,,
21010,58,lv2,확통,,
21010,59,lv2,확통,,
21010,60,lv2,확통,,
21010,61,lv2,확통,,
21010,62,lv2,확통,,
21010,63,lv2,확통,,
21010,64,lv2,확통,,
21010,65,lv3,확통,,
21010,66,lv3,확통,,
21010,67,lv3,확통,,
21010,68,ex,확통,,
21010,69,ex,확통,,
21010,70,ex,확통,,
21010,71,ex,확통,,
21010,72,ex,확통,,
21010,73,ex,확통,,
21010,74,lv1,확통,,
21010,75,lv1,확통,,
21010,76,lv1,확통,,
21010,77,lv1,확통,,
21010,78,lv1,확통,,
21010,79,lv2,확통,,
21010,80,lv2,확통,,
21010,81,lv2,확통,,
21010,82,lv2,확통,,
21010,83,lv2,확통,,
21010,84,lv2,확통,,
21010,85,lv2,확통,,
21010,86,lv2,확통,,
21010,87,lv3,확통,,
21010,88,lv3,확통,,
21010,89,lv3,확통,,
21010,90,ex,확통,,
21010,91,ex,확통,,
21010,92,ex,확통,,
21010,93,ex,확통,,
21010,94,ex,확통,,
21010,95,ex,확통,,
21010,96,ex,확통,,
21010,97,ex,확통,,
21010,98,ex,확통,,
21010,99,ex,확통,,
21010,100,lv1,확통,,
21010,101,lv1,확통,,
21010,102,lv1,확통,,
21010,103,lv1,확통,,
21010,104,lv1,확통,,
21010,105,lv2,확통,,
21010,106,lv2,확통,,
21010,107,lv2,확통,,
21010,108,lv2,확통,,
21010,109,lv2,확통,,
21010,110,lv2,확통,,
21010,111,lv2,확통,,
21010,112,lv2,확통,,
21010,113,lv3,확통,,
21010,114,lv3,확통,,
21010,115,lv3,확통,,
21010,116,lv3,확통,,
21010,117,ex,확통,,
21010,118,ex,확통,,
21010,119,ex,확통,,
21010,120,ex,확통,,
21010,121,ex,확통,,
21010,122,ex,확통,,
21010,123,ex,확통,,
21010,124,ex,확통,,
21010,125,lv1,확통,,
21010,126,lv1,확통,,
21010,127,lv1,확통,,
21010,128,lv1,확통,,
21010,129,lv1,확통,,
21010,130,lv2,확통,,
21010,131,lv2,확통,,
21010,132,lv2,확통,,
21010,133,lv2,확통,,
21010,134,lv2,확통,,
21010,135,lv2,확통,,
21010,136,lv2,확통,,
21010,137,lv2,확통,,
21010,138,lv3,확통,,
21010,139,lv3,확통,,
21010,140,lv3,확통,,
21010,141,ex,확통,,
21010,142,ex,확통,,
21010,143,ex,확통,,
21010,144,ex,확통,,
21010,145,ex,확통,,
21010,146,ex,확통,,
21010,147,ex,확통,,
21010,148,lv1,확통,,
21010,149,lv1,확통,,
21010,150,lv1,확통,,
21010,151,lv1,확통,,
21010,152,lv1,확통,,
21010,153,lv2,확통,,
21010,154,lv2,확통,,
21010,155,lv2,확통,,
21010,156,lv2,확통,,
21010,157,lv2,확통,,
21010,158,lv2,확통,,
21010,159,lv2,확통,,
21010,160,lv2,확통,,
21010,161,lv3,확통,,
21010,162,lv3,확통,,
21010,163,lv3,확통,,
20009,1,ex,확통,,
20009,2,ex,확통,,
20009,3,ex,확통,,
20009,4,ex,확통,,
20009,5,ex,확통,,
20009,6,ex,확통,,
20009,7,lv1,확통,,
20009,8,lv1,확통,,
20009,9,lv1,확통,,
20009,10,lv1,확통,,
20009,11,lv1,확통,,
20009,12,lv1,확통,,
20009,13,lv1,확통,,
20009,14,lv1,확통,,
20009,15,lv2,확통,,
20009,16,lv2,확통,,
20009,17,lv2,확통,,
20009,18,lv2,확통,,
20009,19,lv2,확통,,
20009,20,lv2,확통,,
20009,21,lv2,확통,,
20009,22,lv2,확통,,
20009,23,lv3,확통,,
20009,24,lv3,확통,,
20009,25,lv3,확통,,
20009,26,ex,확통,,
20009,27,ex,확통,,
20009,28,ex,확통,,
20009,29,ex,확통,,
20009,30,ex,확통,,
20009,31,ex,확통,,
20009,32,ex,확통,,
20009,33,lv1,확통,,
20009,34,lv1,확통,,
20009,35,lv1,확통,,
20009,36,lv1,확통,,
20009,37,lv1,확통,,
20009,38,lv1,확통,,
20009,39,lv1,확통,,
20009,40,lv1,확통,,
20009,41,lv1,확통,,
20009,42,lv1,확통,,
20009,43,lv2,확통,,
20009,44,lv2,확통,,
20009,45,lv2,확통,,
20009,46,lv2,확통,,
20009,47,lv2,확통,,
20009,48,lv2,확통,,
20009,49,lv2,확통,,
20009,50,lv2,확통,,
20009,51,lv3,확통,,
20009,52,lv3,확통,,
20009,53,lv3,확통,,
20009,54,ex,확통,,
20009,55,ex,확통,,
20009,56,ex,확통,,
20009,57,ex,확통,,
20009,58,ex,확통,,
20009,59,ex,확통,,
20009,60,ex,확통,,
20009,61,ex,확통,,
20009,62,lv1,확통,,
20009,63,lv1,확통,,
20009,64,lv1,확통,,
20009,65,lv1,확통,,
20009,66,lv1,확통,,
20009,67,lv2,확통,,
20009,68,lv2,확통,,
20009,69,lv2,확통,,
20009,70,lv2,확통,,
20009,71,lv2,확통,,
20009,72,lv2,확통,,
20009,73,lv2,확통,,
20009,74,lv2,확통,,
20009,75,lv3,확통,,
20009,76,lv3,확통,,
20009,77,lv3,확통,,
20009,78,ex,확통,,
20009,79,ex,확통,,
20009,80,ex,확통,,
20009,81,ex,확통,,
20009,82,ex,확통,,
20009,83,ex,확통,,
20009,84,ex,확통,,
20009,85,ex,확통,,
20009,86,lv1,확통,,
20009,87,lv1,확통,,
20009,88,lv1,확통,,
20009,89,lv1,확통,,
20009,90,lv1,확통,,
20009,91,lv2,확통,,
20009,92,lv2,확통,,
20009,93,lv2,확통,,
20009,94,lv2,확통,,
20009,95,lv2,확통,,
20009,96,lv2,확통,,
20009,97,lv2,확통,,
20009,98,lv2,확통,,
20009,99,lv3,확통,,
20009,100,lv3,확통,,
20009,101,lv3,확통,,
20009,102,lv3,확통,,
20009,103,ex,확통,,
20009,104,ex,확통,,
20009,105,ex,확통,,
20009,106,ex,확통,,
20009,107,ex,확통,,
20009,108,ex,확통,,
20009,109,ex,확통,,
20009,110,ex,확통,,
20009,111,lv1,확통,,
20009,112,lv1,확통,,
20009,113,lv1,확통,,
20009,114,lv1,확통,,
20009,115,lv1,확통,,
20009,116,lv1,확통,,
20009,117,lv1,확통,,
20009,118,lv1,확통,,
20009,119,lv1,확통,,
20009,120,lv1,확통,,
20009,121,lv2,확통,,
20009,122,lv2,확통,,
20009,123,lv2,확통,,
20009,124,lv2,확통,,
20009,125,lv3,확통,,
20009,126,lv3,확통,,
20009,127,lv3,확통,,
20009,128,ex,확통,,
20009,129,ex,확통,,
20009,130,ex,확통,,
20009,131,ex,확통,,
20009,132,ex,확통,,
20009,133,ex,확통,,
20009,134,ex,확통,,
20009,135,ex,확통,,
20009,136,lv1,확통,,
20009,137,lv1,확통,,
20009,138,lv1,확통,,
20009,139,lv1,확통,,
20009,140,lv1,확통,,
20009,141,lv2,확통,,
20009,142,lv2,확통,,
20009,143,lv2,확통,,
20009,144,lv2,확통,,
20009,145,lv2,확통,,
20009,146,lv2,확통,,
20009,147,lv3,확통,,
20009,148,lv3,확통,,
20009,149,lv3,확통,,
20009,150,ex,확통,,
20009,151,ex,확통,,
20009,152,ex,확통,,
20009,153,ex,확통,,
20009,154,ex,확통,,
20009,155,ex,확통,,
20009,156,ex,확통,,
20009,157,lv1,확통,,
20009,158,lv1,확통,,
20009,159,lv1,확통,,
20009,160,lv1,확통,,
20009,161,lv1,확통,,
20009,162,lv2,확통,,
20009,163,lv2,확통,,
20009,164,lv2,확통,,
20009,165,lv2,확통,,
20009,166,lv2,확통,,
20009,167,lv2,확통,,
20009,168,lv2,확통,,
20009,169,lv2,확통,,
20009,170,lv3,확통,,
20009,171,lv3,확통,,
20009,172,lv3,확통,,
